-2.443732833901859358e+00,-4.173782119545198732e+00,-6.169300633000882605e+00,-8.097282847620425272e+00,-9.642925261565384432e+00,-1.056848953713747008e+01,-1.073075206161034068e+01,-1.007399536248963301e+01,-8.620300982447639981e+00,-6.458002134719680321e+00,-3.718992325359078421e+00,-5.517091420925290812e-01,2.885014509237379343e+00,6.395256018347677873e+00,9.713379827338425088e+00,1.250936822679668303e+01,1.444429248992065951e+01,1.524317254606063088e+01,1.474598385518027399e+01,1.292829735654057188e+01,9.904738531579809546e+00,5.919508390766010208e+00,1.316137849578455921e+00,-3.512422311790459162e+00,-8.178193800847598283e+00,-1.234287407933008929e+01,-1.574568143086028549e+01,-1.820786865350147465e+01,-1.961230080789282226e+01,-1.987412648541010896e+01
-5.565389087940280533e+00,-8.246172363635135838e+00,-9.187351580685650276e+00,-8.692969111209672306e+00,-6.860903190441358213e+00,-3.931464741383325023e+00,-3.094722830870140218e-01,3.515186973199210030e+00,7.084858553876526521e+00,1.005472462911155418e+01,1.219709630307316317e+01,1.335549068124542771e+01,1.340938328137883850e+01,1.228418644556318995e+01,9.986286956175000284e+00,6.619177174289708532e+00,2.366071736139645054e+00,-2.532170835347391069e+00,-7.772293041414511272e+00,-1.296705278255522131e+01,-1.765045719308149685e+01,-2.133701832382172014e+01,-2.361346560363180203e+01,-2.421293089997352865e+01,-2.304013429761429066e+01,-2.015687093056840240e+01,-1.575640920188171279e+01,-1.014138390257613587e+01,-3.701602374325577038e+00,3.109607235379463930e+00
-1.746500978661564840e+00,4.454340845963000728e-02,1.214381881908381589e+00,1.770497385785407829e+00,1.646022689596136956e+00,8.289735140392819890e-01,-5.704384940639690704e-01,-2.310844990702681567e+00,-4.076440842608306525e+00,-5.576481375883998837e+00,-6.629504086791304651e+00,-7.178224000231027802e+00,-7.236333726789945686e+00,-6.824600827130543834e+00,-5.950577724898074905e+00,-4.631493200084580764e+00,-2.920519293380782422e+00,-9.113853726175686898e-01,1.268531747401274945e+00,3.460489951132297737e+00,5.476661571539628959e+00,7.116489437545872931e+00,8.196627153132236998e+00,8.579901280579983691e+00,8.194335133115469461e+00,7.046989930656394563e+00,5.237262680322380959e+00,2.957707707984657652e+00,4.600393224972363360e-01,-2.015488467250323712e+00
-5.809391756840454946e+00,-8.003777896745438269e+00,-8.488240862583136703e+00,-7.672915219199053283e+00,-5.783291512023734704e+00,-3.113383820014067549e+00,2.923419538163285480e-02,3.373955087379020501e+00,6.678828837975193444e+00,9.687495988522602630e+00,1.210195953667005320e+01,1.360275357287886955e+01,1.391336322618451327e+01,1.287984376859543723e+01,1.052606302839150487e+01,7.051883805987612774e+00,2.770358994392911445e+00,-1.978949664521243434e+00,-6.884619270844511973e+00,-1.166087424563605701e+01,-1.601792588299316122e+01,-1.965419645089703238e+01,-2.228298868400037946e+01,-2.366322859838498616e+01,-2.360710446251763273e+01,-2.197623335159550706e+01,-1.870020658385637091e+01,-1.383098575998226387e+01,-7.606744968185470412e+00,-4.784308106894838986e-01
1.578593438741273669e+00,-6.993428588834538218e-02,-1.997822526379457120e+00,-4.022471539314586231e+00,-5.949678597846959072e+00,-7.564360617286497224e+00,-8.649143331253370093e+00,-9.005571865271527088e+00,-8.469562926629675914e+00,-6.942521138590187491e+00,-4.446316400044667105e+00,-1.165953731662602966e+00,2.567719912975306773e+00,6.358040942180974930e+00,9.834179081352079521e+00,1.269842274898115342e+01,1.472065605489403772e+01,1.571912847455483586e+01,1.556541883021386141e+01,1.421164360787885172e+01,1.171130969232700814e+01,8.217706504369015619e+00,3.969125381485905990e+00,-7.252615436737426258e-01,-5.499389882932143259e+00,-9.954849227519272148e+00,-1.370262908203656593e+01,-1.641598275607949375e+01,-1.787479752384985687e+01,-1.797853140415026374e+01
-5.037394480915312833e+00,-7.492527328479122950e+00,-8.301600942040138875e+00,-7.814384393344412594e+00,-6.118662998585789659e+00,-3.394570139848021917e+00,5.514734971507029293e-02,3.862241773289371238e+00,7.657095072172605654e+00,1.108388391617327073e+01,1.378116015221213075e+01,1.538625120300524429e+01,1.559317124641647467e+01,1.423695836783899793e+01,1.135459180023154957e+01,7.190347345881868968e+00,2.142202814575044023e+00,-3.330441881015415717e+00,-8.798779726401313894e+00,-1.391211458133137135e+01,-1.838079064724621503e+01,-2.192206823709497598e+01,-2.422957501396549063e+01,-2.500977093097701598e+01,-2.407045230662078694e+01,-2.139916988391070163e+01,-1.717776841779522812e+01,-1.173193262930676362e+01,-5.459525931207878990e+00,1.217002902652406293e+00
-5.652462258626401947e+00,-7.990196295727136189e+00,-8.621535838220424353e+00,-8.042053263082545200e+00,-6.453150271772829072e+00,-4.051090412808205699e+00,-1.048126460287548856e+00,2.318784637651872149e+00,5.763975629875031537e+00,8.942216963348830205e+00,1.148849458145488533e+01,1.309825655217493967e+01,1.358943418025790706e+01,1.289980415307097239e+01,1.103595216617932806e+01,8.034408741543860089e+00,3.976147413842593181e+00,-9.601301947921403457e-01,-6.452722842298089567e+00,-1.203542021439521115e+01,-1.714959000944219980e+01,-2.124046783533228577e+01,-2.386829616018616917e+01,-2.478629580433939239e+01,-2.394803595205106816e+01,-2.145463476244040990e+01,-1.749450750512825792e+01,-1.231876019602767514e+01,-6.247818366784424704e+00,3.230307690095175488e-01
-3.711975945978206237e+00,-1.934848995862333165e+00,-6.610696123726342854e-01,-7.875970657302772127e-01,-2.320461897193021095e+00,-4.426808444359495276e+00,-5.836104831565771534e+00,-5.408498889116883923e+00,-2.654697798260100328e+00,1.970800575777402086e+00,7.111032791332925207e+00,1.089939279206076783e+01,1.160646716256360023e+01,8.331566215120648877e+00,1.479208031022384962e+00,-7.187185926677644332e+00,-1.498303612489941905e+01,-1.912879494798894342e+01,-1.771388192345009216e+01,-1.047007909000439163e+01,9.451337777009137797e-01,1.330936400322168112e+01,2.277046541073635666e+01,2.607033695865393952e+01,2.165728072450350439e+01,1.031643809866387151e+01,-4.908180078727017559e+00,-1.952327543911094310e+01,-2.892551693909216226e+01,-2.986870929275077202e+01
-5.532541160996703233e+00,-7.858698268041704793e+00,-8.676875812718343184e+00,-8.385895632874994732e+00,-7.082824677581784023e+00,-4.876440326420785176e+00,-1.919018568427985905e+00,1.580611571160118078e+00,5.334915088598034316e+00,8.965586702215894377e+00,1.202765212953277363e+01,1.407622038797228470e+01,1.475942965193895517e+01,1.390393292889040744e+01,1.155208475845519089e+01,7.928606486417355548e+00,3.359518345144417051e+00,-1.800242171968080340e+00,-7.189365422640002556e+00,-1.242280604978940595e+01,-1.708055562370248026e+01,-2.073777297635729866e+01,-2.303000106586301143e+01,-2.371711155747277644e+01,-2.271497784844584444e+01,-2.009114283886778907e+01,-1.604036622977439919e+01,-1.085472108993031704e+01,-4.891570567954681259e+00,1.460425740085863122e+00
-5.706719549634639677e+00,-8.332464591575185153e+00,-9.505158576828037553e+00,-9.529831026533004845e+00,-8.416970291926620718e+00,-6.228784861777171500e+00,-3.155374421935988938e+00,4.657802743849570604e-01,4.195253067286289550e+00,7.591180290999917091e+00,1.030631305213264071e+01,1.212222315501969661e+01,1.291216933043708792e+01,1.258191052837645607e+01,1.104496465375316561e+01,8.248398185006559302e+00,4.228794800054923364e+00,-8.260362413549691141e-01,-6.530398468124420042e+00,-1.230265738219107519e+01,-1.745189446346131845e+01,-2.133915221661474959e+01,-2.353462574927629092e+01,-2.388054321461685703e+01,-2.244169942247145144e+01,-1.940806599907395835e+01,-1.502390366675568778e+01,-9.566311449076470907e+00,-3.354743766686328676e+00,3.230039131533374075e+00
-4.401039241855522199e+00,-7.297239675407943160e+00,-8.775209217364633218e+00,-9.083692290071978093e+00,-8.123853525979940926e+00,-5.854328669956872844e+00,-2.419774578491930228e+00,1.809437230608972547e+00,6.281268974929172799e+00,1.037166807512298838e+01,1.352005463643494210e+01,1.533688954749879940e+01,1.564233854207473939e+01,1.443632054233580675e+01,1.183864863997181693e+01,8.043216164962917247e+00,3.305845527956343677e+00,-2.045013317016788790e+00,-7.605184860394844648e+00,-1.292733445773503753e+01,-1.758702533509998744e+01,-2.124276754222963604e+01,-2.364767045262655998e+01,-2.461373753768894446e+01,-2.397834343851721428e+01,-2.162534061689764542e+01,-1.756337855358587419e+01,-1.200449075175427360e+01,-5.374111206766285953e+00,1.763216482047092803e+00
-5.269736343875311313e+00,-7.409281694420521092e+00,-7.992141057257253323e+00,-7.476412428994892778e+00,-6.014405110717387259e+00,-3.751685685592957675e+00,-8.655245157652146082e-01,2.432332269147789550e+00,5.894926035130721331e+00,9.220813931119193896e+00,1.203362041060286280e+01,1.390860354563907642e+01,1.446998286856912408e+01,1.351661954138625532e+01,1.109119552886847515e+01,7.439375132384554945e+00,2.892740607621057780e+00,-2.226399302084451470e+00,-7.607950257516947978e+00,-1.289291771442113621e+01,-1.764258831171176567e+01,-2.139440750273219649e+01,-2.376654834870830513e+01,-2.453005354044267605e+01,-2.361180579943469482e+01,-2.105826470781648041e+01,-1.700745748632729359e+01,-1.168590584780909225e+01,-5.415702279298049149e+00,1.387089866677814864e+00
-3.470612245163070320e+00,-6.179232102224124112e+00,-7.369529552665528449e+00,-7.370393928129759686e+00,-6.186864868133916673e+00,-3.858732314625273663e+00,-5.591375001037693915e-01,3.364814236364360944e+00,7.418116025562088822e+00,1.104934398844941867e+01,1.376944821106509487e+01,1.524076709105765381e+01,1.530174872265582131e+01,1.393992475158912825e+01,1.125392578774205354e+01,7.431837731318122309e+00,2.740452300521682538e+00,-2.492864058263760896e+00,-7.908848318406281663e+00,-1.314282145619019282e+01,-1.783991003246637419e+01,-2.166296053619003814e+01,-2.430191952700613811e+01,-2.549058598660504416e+01,-2.503449424065640017e+01,-2.284955168473721443e+01,-1.899883514891181235e+01,-1.370456752184420068e+01,-7.322898265057984801e+00,-2.989337922751360566e-01
-2.867811265415463051e+00,-1.080237920282036024e+00,5.157861334772811945e-02,6.849864398694341938e-01,9.101679956960280204e-01,7.840264934040377387e-01,3.457071207724730644e-01,-3.660839687209646032e-01,-1.299781910660445350e+00,-2.372446096995517451e+00,-3.443573962787414011e+00,-4.307926486750790929e+00,-4.738244721064451603e+00,-4.569782624414076011e+00,-3.775319283258341319e+00,-2.477882917203795721e+00,-8.920426167906383430e-01,7.653599453879773584e-01,2.339566694121143264e+00,3.749315542819514402e+00,4.956535346523842200e+00,5.924722610358751140e+00,6.591129078167135447e+00,6.864012636668445744e+00,6.645759872736228147e+00,5.875001868814115902e+00,4.571415589875900132e+00,2.858370415731354974e+00,9.418062139150261691e-01,-9.536615537602947112e-01
-6.695839084169649347e+00,-9.000657659755830764e+00,-9.596511508267996149e+00,-9.032335347210944221e+00,-7.519776489750801929e+00,-5.224090956248757855e+00,-2.331843277687656535e+00,9.028531669870329956e-01,4.158264686076160288e+00,7.095242243171304253e+00,9.416628967969003838e+00,1.089071270137432279e+01,1.133575506981577163e+01,1.060504519830100811e+01,8.610286264191671535e+00,5.377617311975854797e+00,1.090515234465655681e+00,-3.921229520929841339e+00,-9.243535181388972788e+00,-1.445054793751408440e+01,-1.914813453999981263e+01,-2.297874349092032986e+01,-2.560750251168343539e+01,-2.672174368974023650e+01,-2.606846892490322887e+01,-2.352656185259234434e+01,-1.917558541407011319e+01,-1.331311599264668999e+01,-6.405793610259048698e+00,9.942631498981022720e-01
-1.945875344718435374e+00,-3.666308694698050541e+00,-5.450866650805197722e+00,-7.095177690608093002e+00,-8.475334818999886721e+00,-9.490993686046699906e+00,-1.001378410980674438e+01,-9.892073636873968567e+00,-9.013736573069948577e+00,-7.376876288692270300e+00,-5.109074553300568589e+00,-2.417222263672511140e+00,4.923634816525737090e-01,3.459557773423636462e+00,6.349826696521525093e+00,8.996113961576353901e+00,1.116318646746210774e+01,1.256789840346319309e+01,1.294006528023985503e+01,1.209024969591791532e+01,9.964788223662228717e+00,6.678422272630226253e+00,2.510917183123341445e+00,-2.140288450176965007e+00,-6.836988694954225565e+00,-1.117478278832199479e+01,-1.482566162260932963e+01,-1.753751543245606115e+01,-1.910732971950859138e+01,-1.936648594352359609e+01
-4.288180937049984820e+00,-6.622419117682404099e+00,-7.376684478263721090e+00,-7.004045973084093824e+00,-5.628103912829375055e+00,-3.374410955144738988e+00,-4.394399685477314854e-01,2.897832028447295816e+00,6.302546414616555737e+00,9.425613399794382730e+00,1.194055805629392175e+01,1.356910163908326794e+01,1.409824595774993128e+01,1.339286214799504826e+01,1.140883659800696392e+01,8.212811441169787230e+00,4.003505126468051678e+00,-8.891325264876674961e-01,-6.048009700740498928e+00,-1.104237342831121005e+01,-1.548562932449969409e+01,-1.904663032196528150e+01,-2.143239912462198049e+01,-2.238858777833238634e+01,-2.173922998255360994e+01,-1.943983006186059725e+01,-1.560190662956792984e+01,-1.047499077668857304e+01,-4.406600354512261397e+00,2.192167755899736115e+00
-6.176585641616060052e+00,-8.486024468290185752e+00,-9.092714371875430857e+00,-8.426210962443386521e+00,-6.688989807593044290e+00,-4.097207322098986637e+00,-8.648607912137544762e-01,2.784166774237969655e+00,6.571268700643357441e+00,1.013821001090937202e+01,1.308082889906373936e+01,1.502793753676982291e+01,1.571427786963508311e+01,1.500819706889588545e+01,1.290004753544942240e+01,9.485527241061944892e+00,4.963134394483374123e+00,-3.653447963116467356e-01,-6.107626572524658570e+00,-1.180628797585166723e+01,-1.697029543780735494e+01,-2.111839971008103234e+01,-2.384055162090620783e+01,-2.486066217621402075e+01,-2.406898189150910383e+01,-2.151214434754463767e+01,-1.736206915223183955e+01,-1.189048124258441597e+01,-5.452974196100528026e+00,1.527302612351011391e+00
-5.328701325043002868e+00,-7.900467606470599868e+00,-8.640450585801605854e+00,-7.987732704673943473e+00,-6.142881227917453835e+00,-3.364379746564304163e+00,1.581143252202843463e-02,3.624141053575467897e+00,7.091938402616550619e+00,1.009527438711691261e+01,1.237712123455267488e+01,1.374888832774800740e+01,1.407351880849997805e+01,1.324489986372019246e+01,1.119130543030275859e+01,7.919247393532560686e+00,3.575801186810342536e+00,-1.523037767184692415e+00,-6.936395465244750369e+00,-1.219753772484413012e+01,-1.689953874772423603e+01,-2.070708453481544353e+01,-2.330552632290559600e+01,-2.436851929491206192e+01,-2.361497501998664106e+01,-2.093396639575496110e+01,-1.647730861125797475e+01,-1.064106358400914765e+01,-3.953842301292577410e+00,3.043256049256647167e+00
-1.535156302795355199e+00,-3.224501297244540599e+00,-5.236418165771794975e+00,-7.263710755236736816e+00,-8.980232997021497354e+00,-1.011612135122749301e+01,-1.051964515136058509e+01,-1.016810819732712901e+01,-9.117468782420651507e+00,-7.425167251323945727e+00,-5.110775650190415575e+00,-2.194409643190700088e+00,1.218226176839650510e+00,4.884045434751159931e+00,8.454478891270753138e+00,1.156306062911911425e+01,1.389834499896678999e+01,1.522610228608550464e+01,1.538619377920869624e+01,1.430428996020096299e+01,1.201949840807811221e+01,8.695845291006074618e+00,4.600013177481634408e+00,6.134719860000004132e-02,-4.565105234376454213e+00,-8.931632204404092334e+00,-1.273028412216505600e+01,-1.571119152094296822e+01,-1.767263504300483135e+01,-1.843840123543939669e+01
-5.784966878923350819e+00,-7.997609475182551719e+00,-8.640431175968494415e+00,-8.048485468666553899e+00,-6.337721432984143810e+00,-3.730840462874661867e+00,-5.308289889875752454e-01,2.959304012783872562e+00,6.464661990995065111e+00,9.696880261111800792e+00,1.231554385143983943e+01,1.396487035476263117e+01,1.437113660411662153e+01,1.342090820876338242e+01,1.116616191454594720e+01,7.774848117146714976e+00,3.480961939598135491e+00,-1.434169356850839128e+00,-6.637558665546613668e+00,-1.174486433693639675e+01,-1.634591361821043165e+01,-2.005321411445660118e+01,-2.254943742974278464e+01,-2.360910595633211528e+01,-2.309471956535142567e+01,-2.095281530098606737e+01,-1.723040569608823702e+01,-1.210212044499762563e+01,-5.880848325459664849e+00,9.990907330833433964e-01
-4.022991820159553811e+00,-2.176275548074110500e+00,-9.686957022540929607e-01,-3.655865878544098946e-01,-2.940432102872881925e-01,-5.939247041776702929e-01,-1.078645227239821036e+00,-1.608036083142317274e+00,-2.114515808747067904e+00,-2.578804954433291829e+00,-2.988876262134152029e+00,-3.315512444537279890e+00,-3.513964481388111238e+00,-3.537948648545718111e+00,-3.346477808668573140e+00,-2.898027358264330555e+00,-2.145154426192712904e+00,-1.046865629347582427e+00,3.979205808059966820e-01,2.112512352261378012e+00,3.927273520883806768e+00,5.604336770100879939e+00,6.893909637258218481e+00,7.594927030029380965e+00,7.596170889526856485e+00,6.888772594602817101e+00,5.550090461326010249e+00,3.706369497011725134e+00,1.495480100643206578e+00,-9.447569035729994624e-01
-7.274725493817167932e-01,-2.493826910681782305e+00,-4.384238105172316935e+00,-6.273231707739163276e+00,-8.068081859938635247e+00,-9.614621872141560388e+00,-1.066022208273438387e+01,-1.090936682377693145e+01,-1.013545928835797305e+01,-8.275996742753054747e+00,-5.457112030124329216e+00,-1.944694946152615067e+00,1.935696187343601604e+00,5.857483763189425652e+00,9.506402251604509246e+00,1.256949023107214458e+01,1.474290012565994168e+01,1.577961296771780653e+01,1.555282854797825109e+01,1.408741501748963465e+01,1.153351430342590511e+01,8.103374387302126891e+00,4.022257514177707272e+00,-4.722932086445530420e-01,-5.099244025267054781e+00,-9.521728272817636451e+00,-1.338308700802465978e+01,-1.636639487788649561e+01,-1.822900573756638565e+01,-1.879767231645173453e+01
-2.692106858710323181e+00,-1.545857272655292824e+00,-1.007551932757279944e+00,-1.818491645070650309e+00,-3.859657071057455369e+00,-6.216826004052181887e+00,-7.569838242684991059e+00,-6.761960821490385243e+00,-3.350177596215260234e+00,2.082838627044960589e+00,8.009068501089759096e+00,1.242280273388829670e+01,1.353029424964802985e+01,1.042683089537840857e+01,3.543057006159881173e+00,-5.306928338589399274e+00,-1.335917113744406670e+01,-1.774926892021845859e+01,-1.652480082335149802e+01,-9.448967660538174940e+00,1.736361334985732530e+00,1.372909553764068313e+01,2.265850336936826181e+01,2.533615724583525974e+01,2.035598280959057504e+01,8.670668237065841666e+00,-6.567944847915133444e+00,-2.088271201365789054e+01,-2.980571776882472079e+01,-3.026775295512502240e+01
-4.259987122390490377e+00,-2.590264267588320735e+00,-1.105673092466518126e+00,-8.375177778632164616e-01,-2.032836170520949892e+00,-4.028797265611564704e+00,-5.527429027006308893e+00,-5.197575200008102136e+00,-2.352490690018297137e+00,2.612487895084285583e+00,8.236569670546856514e+00,1.247700417096057812e+01,1.347776746734762376e+01,1.032969420678162109e+01,3.527225215318984031e+00,-5.065460032534791601e+00,-1.274623772513360542e+01,-1.683204873621234654e+01,-1.556215611113847075e+01,-8.762461027047528717e+00,1.946129776395576272e+00,1.349886713799704197e+01,2.224741314197658326e+01,2.510192226035032803e+01,2.059559522322329528e+01,9.502452658576384437e+00,-5.231447160106479366e+00,-1.926670122590290646e+01,-2.815458831068433909e+01,-2.874753599720659736e+01
-5.075405355400991247e+00,-7.394575416148727598e+00,-8.134012060393096988e+00,-7.673200053827551770e+00,-6.071928397858267878e+00,-3.453717408468407690e+00,-8.856544044163372487e-02,3.636137640427889117e+00,7.303996975764003530e+00,1.053990088074692011e+01,1.302414371401135718e+01,1.448029571758211986e+01,1.468825983584100037e+01,1.353270785048657210e+01,1.104783306052120828e+01,7.417752248120661918e+00,2.931174363311913389e+00,-2.080038795937678486e+00,-7.289164613358508404e+00,-1.239332527280221541e+01,-1.709770913030402539e+01,-2.107984588386706193e+01,-2.397084922919928474e+01,-2.538798587206972712e+01,-2.501828541831007158e+01,-2.271644997013918754e+01,-1.857098509012121212e+01,-1.290926860243831698e+01,-6.239178379124463270e+00,8.495317713825724093e-01
-2.688344776274311787e+00,-1.107803276644207191e+00,-1.531290846602468003e-01,2.528656551407837405e-01,1.530288198417757428e-01,-3.817021887892189658e-01,-1.253392650162372890e+00,-2.340052917496875828e+00,-3.484306648322488265e+00,-4.488960672496759230e+00,-5.148094314737533317e+00,-5.311498345589882319e+00,-4.943379727718689942e+00,-4.131464376284952777e+00,-3.035420610050183932e+00,-1.806148004070494917e+00,-5.261250257056020452e-01,7.976238876124820409e-01,2.193824358362678861e+00,3.669851070053160136e+00,5.165096824143359910e+00,6.534121172498628560e+00,7.573486450144546467e+00,8.089038276860392784e+00,7.968523424147109679e+00,7.211101719294987333e+00,5.896840217032398357e+00,4.129050092407951844e+00,1.999977182392205233e+00,-3.968837417912813859e-01
-1.622976869703351532e+00,1.672082782595744055e-01,1.295326809591291983e+00,1.900378696330220052e+00,1.988151527962557452e+00,1.526454614106244945e+00,5.314263620131809418e-01,-8.803898189091485804e-01,-2.501005743297189721e+00,-4.077495972988667283e+00,-5.356317148568806807e+00,-6.118529264795347089e+00,-6.224191986335038784e+00,-5.660605530331594970e+00,-4.552847695332323141e+00,-3.108099521075473604e+00,-1.524288403889743959e+00,7.103400964972952925e-02,1.618427550149421412e+00,3.088418354830488433e+00,4.452055119862344590e+00,5.668655468573307488e+00,6.669176650145332452e+00,7.333013054135176567e+00,7.493011159768846241e+00,6.995786783468828318e+00,5.788017085455753552e+00,3.961103940858707428e+00,1.718473722970995432e+00,-7.011557423251933985e-01
-3.639609979971219378e+00,-6.235608304149835135e+00,-7.222145011537460135e+00,-6.908959871793777019e+00,-5.376746616180584581e+00,-2.804699511638944820e+00,5.165895214888682752e-01,4.228882761947343027e+00,7.951530407554350255e+00,1.130870314841550162e+01,1.394484944430390350e+01,1.554232163131291600e+01,1.585068698330441705e+01,1.472916575819691154e+01,1.218801634420115754e+01,8.398757569029363879e+00,3.655267474521683990e+00,-1.688702217622419344e+00,-7.255447395631851926e+00,-1.263827115984982719e+01,-1.739839255276923424e+01,-2.110791080743916481e+01,-2.342130103714264777e+01,-2.411560074049618052e+01,-2.307641440645202735e+01,-2.027440165864347676e+01,-1.578376464908698829e+01,-9.833832117974546705e+00,-2.838396388587059338e+00,4.634165065149682405e+00
-5.456584534736455439e+00,-7.900367652227584081e+00,-8.703043209853468909e+00,-8.231280357639660039e+00,-6.607096426712174342e+00,-4.009958827771587409e+00,-6.990711779747138532e-01,3.004461106028705419e+00,6.741707773948077964e+00,1.012962128829988018e+01,1.277521091913962614e+01,1.431874170012082281e+01,1.450819871230585711e+01,1.326198886320239900e+01,1.067238557451145375e+01,6.950920882383778476e+00,2.365028912322389321e+00,-2.789252807786048116e+00,-8.180176727256046831e+00,-1.343352596454226600e+01,-1.814837577620930986e+01,-2.192569379754038650e+01,-2.439483676698889880e+01,-2.524506897452834764e+01,-2.427612638320901084e+01,-2.145622567110194723e+01,-1.695370887000482796e+01,-1.112178997855007978e+01,-4.446151454941766445e+00,2.521592711264514897e+00
-7.803138545899412915e-01,-2.091858542600376403e+00,-3.777796762082314963e+00,-5.657617697285935776e+00,-7.485805732517210487e+00,-8.967486733067499216e+00,-9.815971829013646399e+00,-9.825029246719973131e+00,-8.915133047058233728e+00,-7.131957909262826689e+00,-4.607424538674711023e+00,-1.515972525764472500e+00,1.941396737871924350e+00,5.519869635086692483e+00,8.912225017420398743e+00,1.177119799241065401e+01,1.378107412991044356e+01,1.473852373414736228e+01,1.458847126966078100e+01,1.339512018389154235e+01,1.127878227106626596e+01,8.370490261754053307e+00,4.812451234453037685e+00,7.888447840167751579e-01,-3.451157960261729052e+00,-7.601420518422772332e+00,-1.132937761769870200e+01,-1.430543720633201943e+01,-1.622179147270850308e+01,-1.681580806073421641e+01
-4.124724599452862961e+00,-6.573320724841107854e+00,-7.564430210317449443e+00,-7.372673122525547740e+00,-6.006857342741248829e+00,-3.588764348848706209e+00,-4.064486639072937280e-01,3.140976623353035624e+00,6.646775492319940248e+00,9.770814998333216650e+00,1.224133078209404957e+01,1.381517075368312852e+01,1.426640246370478415e+01,1.343332935336169243e+01,1.128304420033912159e+01,7.932909985492673677e+00,3.613974162324879114e+00,-1.387098653230247836e+00,-6.761795333174687173e+00,-1.217202108161268370e+01,-1.722329942622197763e+01,-2.146494890690510360e+01,-2.444569345792846704e+01,-2.580142459166151170e+01,-2.532030465111794015e+01,-2.295883913647083574e+01,-1.883421232211014384e+01,-1.322532779238333234e+01,-6.573027084819249133e+00,5.586350991757011997e-01
-1.316439262781234687e+00,5.313479590328283875e-01,1.719885826585020538e+00,2.321529544211418994e+00,2.337777501480858167e+00,1.786499725088539492e+00,7.508967937258750336e-01,-6.018387851558026913e-01,-2.045483507927772671e+00,-3.353256159430085592e+00,-4.356059141671496882e+00,-4.966859385459843068e+00,-5.161891286862269723e+00,-4.940904950022119380e+00,-4.303626557263743102e+00,-3.262378327355086149e+00,-1.872320522043431579e+00,-2.386194399698107205e-01,1.516052850436180766e+00,3.290028434620722919e+00,4.997835791555586660e+00,6.520690285889484628e+00,7.671443439493589977e+00,8.230643000685365251e+00,8.041222733405218648e+00,7.088962064067242608e+00,5.507239723464021353e+00,3.510551050259104855e+00,1.313924411689904925e+00,-9.095313068691508462e-01
-7.049776840097011998e+00,-9.574891180825632730e+00,-1.028929685277839745e+01,-9.591919067085461492e+00,-7.675921957439483023e+00,-4.808911588758566502e+00,-1.321473440438447389e+00,2.422832387545565513e+00,6.050889350111695819e+00,9.207153278991889067e+00,1.158657780264606352e+01,1.296056968062421966e+01,1.318612642902470355e+01,1.220335273223317074e+01,1.003325978630286208e+01,6.779920480309670872e+00,2.630519628726931014e+00,-2.154517178981924630e+00,-7.261038807098660897e+00,-1.234136679925796543e+01,-1.702589172850555954e+01,-2.092600358010821182e+01,-2.364136066365938760e+01,-2.479280452736826490e+01,-2.409397089371160661e+01,-2.144495003077284778e+01,-1.700023304216311715e+01,-1.116315274894281018e+01,-4.496849318700641973e+00,2.408978087069432394e+00
-5.783009639592356699e+00,-8.240285747742280620e+00,-9.123553431655283319e+00,-8.771653869077544741e+00,-7.250935250822038824e+00,-4.702006308428488879e+00,-1.379579182227972822e+00,2.376531280307096594e+00,6.183562677984707712e+00,9.645188325359184134e+00,1.238024957002939175e+01,1.406630517611928788e+01,1.448255150509148059e+01,1.352477948560635923e+01,1.119408716225992073e+01,7.590388398423015381e+00,2.930437369574972806e+00,-2.429473611950902168e+00,-8.009084400643631696e+00,-1.328052009999398209e+01,-1.777772845058179385e+01,-2.117544125609865446e+01,-2.329086078928850867e+01,-2.402197429562120945e+01,-2.328689049268638200e+01,-2.102259124288171321e+01,-1.724597178709100120e+01,-1.212525282776715407e+01,-6.002639768419678390e+00,6.481596030135043929e-01
-5.240481645512476305e+00,-7.484554044918329652e+00,-8.331836283605845495e+00,-8.192972292964054049e+00,-7.110008001895751661e+00,-5.104752238034255818e+00,-2.269750350748092060e+00,1.193023917033331882e+00,4.965460306495987020e+00,8.626687236550111493e+00,1.169613285326265917e+01,1.371830173222898352e+01,1.436592411757206911e+01,1.350773109764157809e+01,1.120622789114434958e+01,7.662471266978894135e+00,3.155964067163163911e+00,-1.985738393073582575e+00,-7.390046831268739957e+00,-1.264307789490882072e+01,-1.731844893937581276e+01,-2.102812168990499231e+01,-2.346625808676882841e+01,-2.442003618169904655e+01,-2.375623540596269834e+01,-2.142278795888429244e+01,-1.748955146195985932e+01,-1.220166305799731354e+01,-5.987674574542266370e+00,6.092184278354910720e-01
-1.167384106124506715e+00,-2.881487460021402214e+00,-4.768740211397860307e+00,-6.729811171567904537e+00,-8.607831894703327436e+00,-1.014742345706086191e+01,-1.104499225342945934e+01,-1.104934806672609149e+01,-1.003886955075417120e+01,-8.039166578299788313e+00,-5.199430483516282564e+00,-1.757004517154009182e+00,2.002383081779097296e+00,5.787071292073481921e+00,9.325049972593344449e+00,1.235576382532430983e+01,1.461000069916484634e+01,1.582340064546680125e+01,1.579649057372770571e+01,1.446322308874216134e+01,1.192181557111324608e+01,8.414047636199949665e+00,4.267516486017401078e+00,-1.751756288370921455e-01,-4.610993788216966927e+00,-8.787135505147391612e+00,-1.246618175740193735e+01,-1.538333572810628347e+01,-1.724470103506973828e+01,-1.778090058736533052e+01
-4.750640438279483568e+00,-7.906620795193511242e+00,-9.275009404926539247e+00,-9.213102887377493388e+00,-7.835516258952385016e+00,-5.324079866798111738e+00,-1.969855797889614513e+00,1.840196560262728376e+00,5.678393087220085178e+00,9.140303104418226354e+00,1.188069700311234911e+01,1.361738772118171958e+01,1.412787359749594884e+01,1.326277993922452758e+01,1.098086190729337908e+01,7.387961510108663532e+00,2.747295515808010791e+00,-2.560322153798834321e+00,-8.107661219802626107e+00,-1.347543604687505514e+01,-1.826284268161095525e+01,-2.207977610940393731e+01,-2.456672335401006535e+01,-2.545135023262446339e+01,-2.460383881262359296e+01,-2.205223783260154491e+01,-1.795763014621611120e+01,-1.257780764345115010e+01,-6.244386813850528739e+00,6.418326758146528643e-01
-2.086384237414848464e+00,-2.514254172904925033e-01,9.800460295982486025e-01,1.608361009301718436e+00,1.628389174224903257e+00,1.108761855887357095e+00,1.855571778042621189e-01,-9.628633260005718952e-01,-2.138502589095510054e+00,-3.151893296125305444e+00,-3.860180866419363088e+00,-4.196782477790352850e+00,-4.169202744795652116e+00,-3.824274290645004459e+00,-3.205859651145227307e+00,-2.333257867942773345e+00,-1.209459800517795003e+00,1.518904710068515740e-01,1.697757873798599215e+00,3.318742372835251864e+00,4.854466709562455407e+00,6.123767571757625205e+00,6.964594661444758472e+00,7.260493296122119133e+00,6.947946056406776982e+00,6.020229886190887392e+00,4.537428481536491809e+00,2.628219405869923975e+00,4.647858093155385895e-01,-1.781445918997257127e+00
-4.315523005950285373e+00,-7.053656530527281809e+00,-8.348709732478116763e+00,-8.454155644353209098e+00,-7.360493657041208948e+00,-5.155025588390772739e+00,-2.076571585592425606e+00,1.504748618657735459e+00,5.151164814808784520e+00,8.431461153603654779e+00,1.097515428874083376e+01,1.249901018007424369e+01,1.281926502631985620e+01,1.186077920278215458e+01,9.657907026504133796e+00,6.337558094024649868e+00,2.091232322273098632e+00,-2.841861917333553311e+00,-8.167410165131338218e+00,-1.351786309404680075e+01,-1.845273634564957277e+01,-2.249424543991852943e+01,-2.518960389954661139e+01,-2.617954219027618734e+01,-2.526034888364788600e+01,-2.243199618608371182e+01,-1.791337190264790280e+01,-1.210099406161977420e+01,-5.479902294568458565e+00,1.459428143147219581e+00
-4.629669269169648160e+00,-7.265342027562764038e+00,-8.293191041571059685e+00,-8.062545665983657628e+00,-6.672109232092291897e+00,-4.286700076529844416e+00,-1.167133716419436862e+00,2.351290391136972246e+00,5.902662065312768824e+00,9.132586223136771153e+00,1.172088450358782197e+01,1.339103374455584294e+01,1.392626355052306941e+01,1.319522640287723192e+01,1.116804602632651111e+01,7.912494884215613311e+00,3.586978300747317938e+00,-1.551109189761939344e+00,-7.131180164926000487e+00,-1.267902848292049534e+01,-1.766794302566257358e+01,-2.160021814606864865e+01,-2.408763003178796325e+01,-2.489947589307404030e+01,-2.396541811467777094e+01,-2.134593049084264393e+01,-1.719717811559146625e+01,-1.175005060165484849e+01,-5.306729106661713935e+00,1.749845934340227505e+00
1.540129753193733242e+00,-5.901344235879639744e-01,-3.097053201201743988e+00,-5.631505846533377380e+00,-7.847479384875122754e+00,-9.430916854384165049e+00,-1.014225449626325748e+01,-9.862224954820504763e+00,-8.611572092468247064e+00,-6.526558382957524884e+00,-3.805419476411335822e+00,-6.625005932086494020e-01,2.686225422608371716e+00,6.015134189953199595e+00,9.083705589077974096e+00,1.164760775683606653e+01,1.348171996713640830e+01,1.440599067112620091e+01,1.430798968940172244e+01,1.315703743906291656e+01,1.100663925288174561e+01,7.986858948489752308e+00,4.291579782201930371e+00,1.652557286972560213e-01,-4.109494894767981243e+00,-8.226462490289005558e+00,-1.187444285035356906e+01,-1.475448547895222795e+01,-1.659186843885273532e+01,-1.715371254695160630e+01
-2.650534807178339225e+00,-1.315097966127391160e+00,-4.553251301234377268e-01,-9.732544226261965470e-01,-2.925163399432569644e+00,-5.493878541892344813e+00,-7.336427506039635560e+00,-7.181686003017045294e+00,-4.443176807712475807e+00,4.112482665465637677e-01,5.908993584733373439e+00,1.005010091783481485e+01,1.104029974613798259e+01,8.004263770203682071e+00,1.415338763169462499e+00,-6.923670740277642288e+00,-1.437085382303026826e+01,-1.827199428255537228e+01,-1.686374407468468561e+01,-9.952556713472738181e+00,8.684948622748013269e-01,1.256531928810156273e+01,2.150526089482487180e+01,2.457756725652491880e+01,2.026415366075912061e+01,9.299295603068859606e+00,-5.363976195827127036e+00,-1.935086816178466051e+01,-2.820568012815306957e+01,-2.883056443797541135e+01
-7.627564619876308960e+00,-9.931601649387681974e+00,-1.058040060524307791e+01,-9.990458921273820181e+00,-8.300139173392754088e+00,-5.686637974904777515e+00,-2.389455111719443359e+00,1.307734258963255458e+00,5.093945233401640849e+00,8.636388292666660860e+00,1.158840256956218262e+01,1.361684051057519618e+01,1.444733506011614210e+01,1.390900413304141203e+01,1.196238420928227519e+01,8.707694119646639308e+00,4.377474221590984094e+00,-6.857173712199599036e-01,-6.067534545712902627e+00,-1.132789420959582216e+01,-1.603773699022550048e+01,-1.979759606572336850e+01,-2.224933898890662221e+01,-2.310076897365592075e+01,-2.216905542751521807e+01,-1.942837958069649318e+01,-1.503819605630547507e+01,-9.335062166138627049e+00,-2.786961386188087975e+00,4.073408160972805447e+00
-1.080757101487037908e-01,-1.477240472871043986e+00,-3.365567786390976313e+00,-5.484652439350034214e+00,-7.456200090080850273e+00,-8.902501110292371678e+00,-9.548403283263917629e+00,-9.270761143636246260e+00,-8.081921454279456185e+00,-6.080348848187827393e+00,-3.406524139233889414e+00,-2.239887318851325748e-01,3.270889980429135591e+00,6.823872009200383282e+00,1.011406110004459080e+01,1.278921103465255626e+01,1.453831402693696617e+01,1.516115723845716268e+01,1.459742046706872642e+01,1.291028726941052263e+01,1.024660455748949595e+01,6.799130637144822131e+00,2.785798525572377393e+00,-1.551161726598621948e+00,-5.934973687623461558e+00,-1.005003196724309689e+01,-1.355730581098253040e+01,-1.612887023305261991e+01,-1.749033370691655520e+01,-1.746105082573886946e+01
3.659805200195072050e-01,-1.498902726395910934e+00,-3.629941686867828476e+00,-5.645416610077717223e+00,-7.236044811682667444e+00,-8.211889941292781714e+00,-8.508193409954571962e+00,-8.151037809208354190e+00,-7.195402682055986432e+00,-5.666332121411547185e+00,-3.544649017502374377e+00,-8.158316690720003317e-01,2.448282567221512274e+00,6.033299896859485756e+00,9.588512166658254898e+00,1.268893122834851006e+01,1.492254681265780292e+01,1.597414652393878676e+01,1.568578117164389241e+01,1.408075642409611383e+01,1.134665719745509804e+01,7.782413329075221320e+00,3.721943854379493377e+00,-5.419560081445594646e-01,-4.796505455087888947e+00,-8.881820503849708004e+00,-1.261337943849864729e+01,-1.571667442281590077e+01,-1.783397066619335902e+01,-1.860831249393539721e+01
-1.565279090590682376e+00,2.506284665658832234e-01,1.346380133505673760e+00,1.866767021331814824e+00,1.877361634980459382e+00,1.452232814559950791e+00,7.059948645795455224e-01,-2.217472913117630728e-01,-1.203963573359635664e+00,-2.145430173731892154e+00,-2.970565269269117792e+00,-3.601151390424008891e+00,-3.949608247772673941e+00,-3.932339541252916515e+00,-3.490031959219063840e+00,-2.604609034141863511e+00,-1.313796197580733072e+00,2.787152869259286181e-01,2.013279461630227196e+00,3.715180849364617899e+00,5.245391793972590477e+00,6.518571077041940498e+00,7.468753968994404246e+00,7.993725212301079353e+00,7.935874409849586364e+00,7.132731201078105876e+00,5.515143640094895439e+00,3.189258565644447874e+00,4.408416436991455800e-01,-2.352331104950967422e+00
-4.850857812570451344e+00,-6.923305056120176104e+00,-7.549849729727656111e+00,-7.141225606707935825e+00,-5.769051688620414176e+00,-3.520897269301327626e+00,-5.696215751779158953e-01,2.826873862894879519e+00,6.353616319434566506e+00,9.656118281417985116e+00,1.234845173405931895e+01,1.404884254477974714e+01,1.445782636831241774e+01,1.343928449192836005e+01,1.105003414724438215e+01,7.506155369426280366e+00,3.119059197304688169e+00,-1.762366141693297417e+00,-6.789005958693547171e+00,-1.162689403211091843e+01,-1.595252334072422151e+01,-1.943863682602704301e+01,-2.175338459258450285e+01,-2.259496218361729802e+01,-2.176247758822207601e+01,-1.923191529521951182e+01,-1.518729352504864138e+01,-9.976706335584623275e+00,-4.018517318689800888e+00,2.273933166223703672e+00
-1.741891110580946034e+00,3.690282673631771759e-01,1.714525713440878674e+00,1.359424554273525709e+00,-6.568280940701718418e-01,-3.371480924697175308e+00,-5.345376879341920962e+00,-5.308173567578483798e+00,-2.742310210634270717e+00,1.818732438818805086e+00,6.893121486529993014e+00,1.052526038802835728e+01,1.097622613232757871e+01,7.402979051663948873e+00,2.924750449484894155e-01,-8.526592421085506857e+00,-1.635033947028560064e+01,-2.043719981275947362e+01,-1.896137064923745541e+01,-1.175470064695542760e+01,-5.468634932583261721e-01,1.143472125544376716e+01,2.041795044462324071e+01,2.329479197885497754e+01,1.868710644210861460e+01,7.512438580632020191e+00,-7.152636879954942906e+00,-2.090184055931591800e+01,-2.929984580066117061e+01,-2.927781870321006963e+01
-3.523372227004197832e+00,-1.777855773706420450e+00,-8.095178180527708989e-01,-5.452049607398671283e-01,-8.875988050274882246e-01,-1.665974605444256351e+00,-2.660226392504269732e+00,-3.645609943571207268e+00,-4.438116767489395542e+00,-4.929906610287085655e+00,-5.100463735540825994e+00,-4.989466730974740472e+00,-4.640530765888530418e+00,-4.053577518582027750e+00,-3.181254107774011963e+00,-1.970663670646320087e+00,-4.199824687116620048e-01,1.387547178938388193e+00,3.294410872373858545e+00,5.116225355959265642e+00,6.689161131209683475e+00,7.883774356097932312e+00,8.590683910206298179e+00,8.715806266830140814e+00,8.206847136776945106e+00,7.087221860006983398e+00,5.456902215347302132e+00,3.453936851420286391e+00,1.212988127817446582e+00,-1.143645829167336814e+00
1.762855097186301512e+00,-5.399382508735750541e-02,-2.480482877225201221e+00,-5.085678849344889230e+00,-7.416240269968030319e+00,-9.084771291179919217e+00,-9.828520609929741525e+00,-9.531767330915037917e+00,-8.214326858300271539e+00,-5.992527912302452187e+00,-3.033210572471921385e+00,4.673051874186369137e-01,4.267141667001988381e+00,8.056045770159649066e+00,1.147193073817595987e+01,1.416559082815369841e+01,1.587215239405330003e+01,1.644395171702937120e+01,1.584254183153464801e+01,1.411961121749882153e+01,1.140320520572503327e+01,7.880643617573485749e+00,3.775723759239829835e+00,-6.623396700666591697e-01,-5.150583168035647752e+00,-9.367246828773295064e+00,-1.297537304358929688e+01,-1.566839937822994955e+01,-1.720904709225879259e+01,-1.744706421220003278e+01
-5.004423650645945187e+00,-7.351158531820515485e+00,-8.153717669865006457e+00,-7.824024328734475731e+00,-6.470660565242602580e+00,-4.198551077539888432e+00,-1.158397442704558022e+00,2.413473057752212547e+00,6.172328081457533422e+00,9.688741557014298067e+00,1.252240938469189580e+01,1.431455702404117147e+01,1.485184956091458375e+01,1.407253862394776789e+01,1.202614839711176487e+01,8.827722724936334586e+00,4.640613575610219144e+00,-3.100820722045167788e-01,-5.714350613381310673e+00,-1.116626107948245838e+01,-1.618017203116426472e+01,-2.024403821107949497e+01,-2.290663258371531441e+01,-2.386940768859966866e+01,-2.303587782525206151e+01,-2.049128057194975128e+01,-1.643727780527936488e+01,-1.113944712524660119e+01,-4.919980626648354338e+00,1.824305355903714787e+00
-8.513860315619619090e-01,-2.268460953666036950e+00,-3.926203208131132882e+00,-5.613283982681016582e+00,-7.157427520863519632e+00,-8.411314683475307419e+00,-9.216254657492358504e+00,-9.380947745907615598e+00,-8.711850889709150891e+00,-7.089051026757608120e+00,-4.536600756039221416e+00,-1.238275230468829813e+00,2.504120653791094053e+00,6.333574818399178241e+00,9.889578758128093838e+00,1.284557681559572551e+01,1.494102042587108947e+01,1.600261516118237637e+01,1.593989220543635632e+01,1.471922964492583574e+01,1.234818928512312297e+01,8.898777342162127013e+00,4.557013527438258826e+00,-3.499725719834502202e-01,-5.383840945063853134e+00,-1.006563945016208805e+01,-1.394468843269438985e+01,-1.664854457781279251e+01,-1.792828282121432437e+01,-1.770178676327347844e+01
-4.974218023694833235e+00,-7.666794540589179974e+00,-8.854287937991980328e+00,-8.827618637523032774e+00,-7.628177175736938764e+00,-5.361979274308107613e+00,-2.231867859972579637e+00,1.459661386509116143e+00,5.329185121098528377e+00,8.956975179134600396e+00,1.193876489259363183e+01,1.392490725431625087e+01,1.464972308312938942e+01,1.396191750812540455e+01,1.184950948262692272e+01,8.441221301189903770e+00,3.982619525445142639e+00,-1.192582419323738652e+00,-6.680422076275673859e+00,-1.202446118887165660e+01,-1.675578288954368134e+01,-2.045667611285020371e+01,-2.281833499683143884e+01,-2.365743342572627483e+01,-2.288846938143545273e+01,-2.049077508897169864e+01,-1.651637596799291785e+01,-1.114402205846912608e+01,-4.733550047193609167e+00,2.177979176688127794e+00
-3.539729423830391575e+00,-1.443622625840081053e+00,-1.426536131984590394e-02,7.999102845695380548e-01,1.009785021964699769e+00,6.580129963857905828e-01,-1.637390237597271259e-01,-1.315811973618077335e+00,-2.626610931604658639e+00,-3.917333602767683942e+00,-5.018273992420365204e+00,-5.771419146770720765e+00,-6.038584248063925131e+00,-5.732491937665987969e+00,-4.854680683712391698e+00,-3.502192850154795867e+00,-1.827913906614306416e+00,1.581064456450306799e-02,1.905615496620425953e+00,3.734785948580613635e+00,5.388154881018525799e+00,6.735824494651415861e+00,7.647102741329470099e+00,8.007513949526469332e+00,7.735778745384743083e+00,6.811756609577607868e+00,5.309599152206056161e+00,3.405221834661306790e+00,1.335465948485287768e+00,-6.740009626779209784e-01
-3.792329155887557146e+00,-6.566960408203119215e+00,-7.922236821337572898e+00,-8.036393528826572208e+00,-6.826742598450435295e+00,-4.371923012167431288e+00,-9.727521068886109123e-01,2.914828907348125497e+00,6.793725409849275643e+00,1.021770762470648108e+01,1.283674592985152962e+01,1.440761145944910560e+01,1.478416255457303663e+01,1.389346553517703597e+01,1.171295862253037612e+01,8.275101539403840079e+00,3.707431309741250569e+00,-1.723135831848626065e+00,-7.607002250572356239e+00,-1.344291753166828052e+01,-1.871164577113971816e+01,-2.293105222175771374e+01,-2.568468192972250463e+01,-2.664894746302395845e+01,-2.563703009147572232e+01,-2.264474459196763334e+01,-1.786934081229191307e+01,-1.168929951445117688e+01,-4.614954207975808131e+00,2.774549851098197628e+00
-5.694139400437082443e+00,-8.103518988904644615e+00,-8.994126556666042660e+00,-8.797982498176574850e+00,-7.630406970498260222e+00,-5.564452451542257094e+00,-2.682110884845427368e+00,8.523809079066499983e-01,4.722621970210072462e+00,8.461064209429435934e+00,1.154672966289981773e+01,1.354690901101111322e+01,1.421519558311557141e+01,1.349934002357908902e+01,1.148240720168485929e+01,8.316204894812356585e+00,4.190698528422723612e+00,-6.583162576776264707e-01,-5.934085826492846216e+00,-1.128394280962735152e+01,-1.631803569688360511e+01,-2.061856392729242415e+01,-2.374734307499929287e+01,-2.529174229063139379e+01,-2.495993483852164374e+01,-2.267217575238471383e+01,-1.858310436873522775e+01,-1.303096143153087816e+01,-6.466783866879432630e+00,5.917444425062530211e-01
-4.453901293104289394e+00,-6.686011097440766271e+00,-7.428509568794619433e+00,-7.096909302292084831e+00,-5.775982973306372337e+00,-3.554100825408374575e+00,-5.943430721787521520e-01,2.846228977693294304e+00,6.438440409471376746e+00,9.824140385077994253e+00,1.265188940708707754e+01,1.459452736614045953e+01,1.536468832068417001e+01,1.474822339651798941e+01,1.265281685398001166e+01,9.148024914294449417e+00,4.474815333753960012e+00,-9.813363326516439944e-01,-6.745756569869619135e+00,-1.232052058802537431e+01,-1.723965288352410852e+01,-2.110361820425864110e+01,-2.360242254166129428e+01,-2.453786416922834945e+01,-2.383521688554928986e+01,-2.152763683166674724e+01,-1.772371734514579344e+01,-1.259582610336098796e+01,-6.409777468100131159e+00,4.324284730611334115e-01
-1.067682566660492105e+00,-2.989948946375502459e+00,-5.090975340698227214e+00,-7.153814422962774699e+00,-8.981934454607952034e+00,-1.035808221782613003e+01,-1.104974481666383213e+01,-1.087182928132028970e+01,-9.750745345556664390e+00,-7.729233094174483121e+00,-4.919708049791558402e+00,-1.471591673808383849e+00,2.408801158396992381e+00,6.422547481493626975e+00,1.018913841351756133e+01,1.331426190747325933e+01,1.546530111518682915e+01,1.641090847883201675e+01,1.603212099487236841e+01,1.433674072756056184e+01,1.147940792412190625e+01,7.753823734630563180e+00,3.531467224175480535e+00,-8.340615581323540528e-01,-5.080893709743000031e+00,-9.039038895162670784e+00,-1.255452097628044328e+01,-1.540045531517236199e+01,-1.726173187293408517e+01,-1.782544635118349774e+01
-3.928040796054313777e+00,-6.388792637207069802e+00,-7.498101013621024435e+00,-7.574803329758547754e+00,-6.553349143752115857e+00,-4.391603106517364630e+00,-1.225197008445221503e+00,2.583079415833893666e+00,6.519227523393884560e+00,1.006736928831137590e+01,1.283164280059052764e+01,1.456449547150080903e+01,1.511872760973498764e+01,1.439381585853253931e+01,1.233053123440991783e+01,8.953674013648848629e+00,4.424536853946677617e+00,-9.375625425521924017e-01,-6.683686896396636712e+00,-1.230377600693377715e+01,-1.730347874408590059e+01,-2.125586032306746276e+01,-2.381669196273124456e+01,-2.472312706665194071e+01,-2.380839625386578717e+01,-2.104449050345440497e+01,-1.658866657173318160e+01,-1.079443922442087889e+01,-4.167784824665513810e+00,2.716307813902443691e+00
-5.894187254782029539e-01,-2.251717132862602888e+00,-4.154338049858930404e+00,-6.058474751028524175e+00,-7.755503716714369666e+00,-9.035576820568888223e+00,-9.674549281293865377e+00,-9.470315175259491625e+00,-8.311764012362797160e+00,-6.230613139819070945e+00,-3.400532192630813633e+00,-8.846333627871416638e-02,3.411395083108716975e+00,6.829735818596812891e+00,9.938862112797655968e+00,1.253093334851664586e+01,1.438498723302258675e+01,1.526754901692204491e+01,1.498657076565944024e+01,1.346818666866418468e+01,1.080357855317926230e+01,7.238394976700484484e+00,3.115116645754778979e+00,-1.202755896085541121e+00,-5.392834141729482944e+00,-9.195720588808370621e+00,-1.239382909018723034e+01,-1.477966575970818042e+01,-1.615568076413124032e+01,-1.637421474636144225e+01
-1.603890461096199038e+00,-2.724078324350409641e-02,8.801270352150964982e-01,3.668498993420532539e-01,-1.473519632430652315e+00,-3.758788248181541114e+00,-5.189852968093282115e+00,-4.603230581134540422e+00,-1.510062715954052948e+00,3.583658869950788084e+00,9.222017090578894738e+00,1.342950762731569370e+01,1.440038795163455632e+01,1.121109764268808462e+01,4.287154052757475853e+00,-4.577631772538680366e+00,-1.269553907434903017e+01,-1.731585370716655348e+01,-1.654925545778440110e+01,-1.009048714395655821e+01,5.104884217651762812e-01,1.216958663495299220e+01,2.114706933692355761e+01,2.424040156486880804e+01,1.990073038117202486e+01,8.878627866792610845e+00,-5.849997665595038754e+00,-1.989418152014628660e+01,-2.876743764331295239e+01,-2.931204400138524946e+01
-3.460428239661446526e+00,-1.728910568460268582e+00,-4.144778347652010031e-01,-4.344249497917558323e-01,-1.882754510337717013e+00,-4.006336573308562521e+00,-5.538378334791409507e+00,-5.263318994609056389e+00,-2.597160254943851498e+00,2.047253413091691066e+00,7.275784787964208356e+00,1.114100967770982820e+01,1.185144627063579925e+01,8.506392891906594755e+00,1.570660481700556943e+00,-7.115775134420397663e+00,-1.483347918884107841e+01,-1.883929378872695182e+01,-1.730419500330359739e+01,-1.002180315685151157e+01,1.358207487154701409e+00,1.368126238806397232e+01,2.316175011332355282e+01,2.655000014708353007e+01,2.224366970714199354e+01,1.096871920076167584e+01,-4.250143952134401992e+00,-1.889803970923750853e+01,-2.834876998591991892e+01,-2.936792726746649151e+01
1.650345598528531355e+00,-2.305979748869722012e-01,-2.601616870435213613e+00,-5.037712150583859128e+00,-7.155440395566938783e+00,-8.685895104513674525e+00,-9.492502646645780473e+00,-9.540420945529175967e+00,-8.837398874251082503e+00,-7.375906699135422073e+00,-5.114725338385596842e+00,-2.028205913505427560e+00,1.789209916834650249e+00,6.029021446980364907e+00,1.016864762463506011e+01,1.359564724145161918e+01,1.579583976616621221e+01,1.649870859949087532e+01,1.571049943346339894e+01,1.364081563885652315e+01,1.057995724938064264e+01,6.796392478562894190e+00,2.506209410723587716e+00,-2.079431565951323169e+00,-6.680084023820809236e+00,-1.091873478584635748e+01,-1.437628633821058877e+01,-1.669562711218587481e+01,-1.766639916254870002e+01,-1.724078619290632730e+01
-2.073317389499424124e+00,-3.172849786908898961e-01,8.708623761695974963e-01,6.037427288829234628e-01,-1.147759902309655855e+00,-3.537388435953946697e+00,-5.206938366332761525e+00,-4.891423441600639244e+00,-2.026208383752117648e+00,2.893390855832253195e+00,8.366179316239369612e+00,1.236408790309462802e+01,1.307468528423748388e+01,9.632628531841946895e+00,2.564166624773304370e+00,-6.232743161248088803e+00,-1.400093077153387355e+01,-1.799463814169481068e+01,-1.643221435026945443e+01,-9.196201452925251374e+00,1.978917434931862562e+00,1.391252448014201804e+01,2.287005743045996198e+01,2.570089313760396266e+01,2.090275082439739762e+01,9.268597635511996558e+00,-6.154612064724735987e+00,-2.086138855262604608e+01,-3.022995711674060004e+01,-3.099526935880379597e+01
-4.186258358576053773e+00,-6.619634933426896239e+00,-7.450961860870786602e+00,-7.041150736643142061e+00,-5.515323207199524624e+00,-3.065761983031442206e+00,4.418069171216676416e-02,3.508960347879026109e+00,6.999234340032191248e+00,1.017084785729221963e+01,1.268383079657533941e+01,1.423695534022366083e+01,1.460165754262070337e+01,1.364268696643605239e+01,1.133188449673576947e+01,7.761668366851925072e+00,3.148754461813241701e+00,-2.180690794780894670e+00,-7.816636141800304749e+00,-1.329500184044872668e+01,-1.814298653998078947e+01,-2.194391855972274286e+01,-2.438982083426097347e+01,-2.528047469263773195e+01,-2.447631179064402573e+01,-2.187131195292624142e+01,-1.744719744779107273e+01,-1.139021416837336176e+01,-4.171009216440426215e+00,3.503923110350022796e+00
-7.499301828940730941e-01,-2.362963662456710079e+00,-4.199782014360864402e+00,-6.047899374867782285e+00,-7.698131079153977652e+00,-8.944122565311038997e+00,-9.608346239500058061e+00,-9.574405212601229564e+00,-8.796523018310317354e+00,-7.282194305005534218e+00,-5.072991472003502089e+00,-2.248465990293694539e+00,1.049015053033554690e+00,4.593025876871660529e+00,8.076489576730088160e+00,1.114269934066076573e+01,1.343456312077987036e+01,1.464977144935185827e+01,1.458984340692651038e+01,1.319294112360613269e+01,1.054499450736963340e+01,6.868518192297057290e+00,2.490892019197537888e+00,-2.203760919726000633e+00,-6.828590864371793856e+00,-1.103727265634504029e+01,-1.454482452250834612e+01,-1.712935536731577102e+01,-1.862543325479580858e+01,-1.891307589055399774e+01
-4.275766691148187526e+00,-7.273262878535680542e+00,-8.683338888760843588e+00,-8.815383570635955124e+00,-7.698529707449875303e+00,-5.398193585466537492e+00,-2.096483395783240056e+00,1.863998286361858714e+00,6.007359676411672567e+00,9.818479302737291192e+00,1.284145030164923185e+01,1.473207362608249760e+01,1.527109743904316375e+01,1.436806993910362529e+01,1.206197986914150100e+01,8.506374093730007857e+00,3.940185598959214275e+00,-1.336970345757250378e+00,-6.974074609801394153e+00,-1.257341282482894229e+01,-1.770742915112264981e+01,-2.194992698675550358e+01,-2.491232872574147805e+01,-2.628000794772491489e+01,-2.584946347288995128e+01,-2.356188614123185943e+01,-1.952260132318047425e+01,-1.400023489803404431e+01,-7.406847457051133787e+00,-2.613346312131914484e-01
-3.000753845512798446e+00,-1.145142086899466616e+00,1.370270358530720212e-02,5.959273174763208836e-01,7.063098368834869190e-01,4.523965518913132811e-01,-7.619852108466043661e-02,-8.078654703400144355e-01,-1.670079556001416554e+00,-2.571374948339734345e+00,-3.396440817436966242e+00,-4.016262845902843104e+00,-4.310426243488337583e+00,-4.192331330514619481e+00,-3.622340235277722087e+00,-2.602738932389017990e+00,-1.169765431557828306e+00,5.955250101996193424e-01,2.541361097690181037e+00,4.440725590576557025e+00,6.040347807871417452e+00,7.147169709296215423e+00,7.690677024373227866e+00,7.710000991187311747e+00,7.279412569815378653e+00,6.441076489957142215e+00,5.201352291531779137e+00,3.582180317630777822e+00,1.672449962050416961e+00,-3.649008579266129759e-01
-3.233926250710697836e+00,-1.544388989595588679e+00,-5.924033093600208355e-01,-2.826533645798233740e-01,-4.995544829416637134e-01,-1.072460485111424999e+00,-1.813819479889645425e+00,-2.561251601191830929e+00,-3.197816547637687190e+00,-3.655853059204580369e+00,-3.914880053705429575e+00,-3.990231549911812614e+00,-3.906459359597390879e+00,-3.665680515050925958e+00,-3.232429359977690986e+00,-2.545011508287221336e+00,-1.542880300559499096e+00,-1.963765422990730869e-01,1.463476226674180092e+00,3.319288836100786177e+00,5.166055917590687940e+00,6.751200285537574786e+00,7.841230010450420451e+00,8.279301566144503965e+00,8.011420784310365306e+00,7.081464485243205154e+00,5.602113982623796673e+00,3.712332952455703161e+00,1.542704943141314677e+00,-7.908484051630511047e-01
-4.907126477825808131e+00,-7.187752357396861136e+00,-7.750614104874026467e+00,-7.066281869440647512e+00,-5.387786255053299556e+00,-2.973508901408504990e+00,-5.642508601935380952e-02,3.152047360559230071e+00,6.418399946003218837e+00,9.458489809567092621e+00,1.195790905603697674e+01,1.361955298475478315e+01,1.419495622367946019e+01,1.348940604598838000e+01,1.137549141189396984e+01,7.849387175560234908e+00,3.110092880763525525e+00,-2.412693259297368886e+00,-8.141645622910511193e+00,-1.351468621851018703e+01,-1.811493848462758294e+01,-2.167697362624090829e+01,-2.399310615503955546e+01,-2.483480839500790793e+01,-2.397955549203954462e+01,-2.132408582122010543e+01,-1.698422880205179553e+01,-1.130032351687812664e+01,-4.753561046059355810e+00,2.135978762703365952e+00
-3.709877310313315579e+00,-1.674346761961384766e+00,-3.251464116439389818e-01,3.937171621990369075e-01,5.485180856263387472e-01,2.596252501647164923e-01,-3.328689946136892397e-01,-1.107634634784908645e+00,-1.971223807177287179e+00,-2.840693766762246497e+00,-3.621408044667980608e+00,-4.198762104727359556e+00,-4.453176122342192400e+00,-4.296851954837287657e+00,-3.712561152135946507e+00,-2.761733519766822909e+00,-1.548274554682671722e+00,-1.678619636402763904e-01,1.310924484742653329e+00,2.821851080754689711e+00,4.264338747227563786e+00,5.490486563337992010e+00,6.325046118628694813e+00,6.607846301101016451e+00,6.243503113667403959e+00,5.240091281908053844e+00,3.716577208408462951e+00,1.869156369555873942e+00,-9.111164820282580123e-02,-1.996697890526591079e+00
-4.707667689693832536e+00,-6.975133393430820838e+00,-7.722211126197355391e+00,-7.438992276037729390e+00,-6.270482164099380640e+00,-4.322842241598922719e+00,-1.723279798457558520e+00,1.344252543220635587e+00,4.620145786206744098e+00,7.772486842205093893e+00,1.042479185568383748e+01,1.220374879466420737e+01,1.279920324938180087e+01,1.202773087823679887e+01,9.882223438593317866e+00,6.538131886217257716e+00,2.300647327946572673e+00,-2.478584702470841172e+00,-7.458155725448500917e+00,-1.230899782102354578e+01,-1.669069625192793893e+01,-2.024836170414715042e+01,-2.264163818381308246e+01,-2.358300523224329126e+01,-2.286855943420279047e+01,-2.040867951285514081e+01,-1.626562162502754205e+01,-1.068062157564450132e+01,-4.063596790759847366e+00,3.058228782011762625e+00
-5.224537817849794763e+00,-7.917793846021450754e+00,-8.862375693545342159e+00,-8.500517350673028716e+00,-7.037896421489210574e+00,-4.691990484499415359e+00,-1.699076994839175514e+00,1.666059733772051743e+00,5.074329389417449931e+00,8.165538846439639897e+00,1.060239650753240781e+01,1.211738956206312423e+01,1.253005584270290562e+01,1.174409863284836675e+01,9.744548489398278335e+00,6.603034828545748525e+00,2.486426394618361790e+00,-2.339374466561586541e+00,-7.519620335828501645e+00,-1.264203961866272685e+01,-1.728359816719360964e+01,-2.105260187051255727e+01,-2.361131927795116781e+01,-2.468692083922755742e+01,-2.409026911216919231e+01,-2.174870102056824095e+01,-1.773864529132900003e+01,-1.229952479752614991e+01,-5.821281301558469679e+00,1.191225833081228647e+00
-4.727236984154623123e+00,-6.907388316070502299e+00,-7.583525349868762255e+00,-7.170179487448960387e+00,-5.792365113552901512e+00,-3.577199011370047366e+00,-6.821578561965082610e-01,2.678328027182049986e+00,6.206535808518645503e+00,9.534784280420426583e+00,1.228678109572089916e+01,1.414542741686479133e+01,1.487966982279864325e+01,1.432979139883464725e+01,1.239863759469228199e+01,9.090326915377227479e+00,4.578313524869617623e+00,-7.660068782957246691e-01,-6.432348021057593179e+00,-1.188847575480953722e+01,-1.667409509599161055e+01,-2.042326869978456116e+01,-2.284199188347831111e+01,-2.369933463824349218e+01,-2.285566650495201912e+01,-2.030423550643672570e+01,-1.619268072975803463e+01,-1.081166806015875181e+01,-4.557694662985331213e+00,2.114620068747239845e+00
-1.093130792976581889e+00,3.753766610022842842e-01,1.338246326039775225e+00,9.294708825728869028e-01,-8.990934817309094162e-01,-3.370291797096120590e+00,-5.220925579861420474e+00,-5.258096065653627527e+00,-2.923430060509692563e+00,1.360741824805285605e+00,6.225408648987437843e+00,9.786898869460218364e+00,1.032785494397922044e+01,6.979346072163983727e+00,1.643986028265245203e-01,-8.361640983237943914e+00,-1.593863948877591774e+01,-1.982642328611160565e+01,-1.818527016591454881e+01,-1.084931652410344149e+01,4.353189533681138257e-01,1.243909265736223979e+01,2.141969752224746415e+01,2.431378572664619142e+01,1.976061782360550367e+01,8.636248431155985728e+00,-6.068766856585711800e+00,-2.002178441226523375e+01,-2.879950161836774214e+01,-2.928755187971851726e+01
-3.328531993017196378e+00,-1.457882851194493012e+00,-1.814948855098445779e-01,5.660482709015502989e-01,8.396960339475844082e-01,7.337101952617316458e-01,3.448342636136096373e-01,-2.622681811484768311e-01,-1.051298699460757602e+00,-1.986292221165229854e+00,-3.005840477385306908e+00,-4.009411734749296130e+00,-4.853988434803719443e+00,-5.363602509796306705e+00,-5.359691606447136714e+00,-4.712159397402358785e+00,-3.392385427854301305e+00,-1.498335765614561499e+00,7.643888449546114572e-01,3.129872343424400682e+00,5.314886368488304313e+00,7.045168725112183949e+00,8.085606948309241204e+00,8.294531725248527110e+00,7.682694814853008758e+00,6.425373026034080226e+00,4.795440999272138072e+00,3.046085580608175469e+00,1.317209648712882375e+00,-3.769610596981738393e-01
-5.109073133938597522e+00,-7.279795238399762169e+00,-7.903685332620958626e+00,-7.451424131816136054e+00,-6.041305313264523136e+00,-3.758743496833583553e+00,-7.489081564378436973e-01,2.720123574245049358e+00,6.252158257687695730e+00,9.392163571129975352e+00,1.173541786429117906e+01,1.301251244549539621e+01,1.310920260819846206e+01,1.202957906302626689e+01,9.841448380653003980e+00,6.640424201005210136e+00,2.549494730642118068e+00,-2.250656752758267487e+00,-7.481774006357203355e+00,-1.274845075516512338e+01,-1.756589505548334529e+01,-2.144110051263791661e+01,-2.397669360588013987e+01,-2.494042723708334819e+01,-2.426057318652743788e+01,-2.196502709808780907e+01,-1.812887040724629983e+01,-1.288223043667578693e+01,-6.468383977886128733e+00,7.059529161544979559e-01
-1.946861498004829105e+00,-1.005107026952556382e-01,1.067987356581959535e+00,1.598413083346161834e+00,1.549196434319550786e+00,1.056242520327649981e+00,3.000669479521757554e-01,-5.637058500078744316e-01,-1.455897687126777029e+00,-2.361257510334408671e+00,-3.256877676587999204e+00,-4.042764617990586729e+00,-4.537075084060095520e+00,-4.541435341012421745e+00,-3.928219207703503635e+00,-2.698749724350160140e+00,-9.907354043007595701e-01,9.622516848476045936e-01,2.901294993328407124e+00,4.611165058332918676e+00,5.955546276286540319e+00,6.868360152527507978e+00,7.320516424462478078e+00,7.292975853391153507e+00,6.775141376708172736e+00,5.785592036438113261e+00,4.394966280905292066e+00,2.727815650671543413e+00,9.340134283418322081e-01,-8.568956329466147492e-01
-4.183049454812874934e+00,-6.699742745039119818e+00,-7.624693153310968974e+00,-7.339332474969844533e+00,-6.001831205132876157e+00,-3.827304831331758805e+00,-1.047050925977840663e+00,2.134874935620494796e+00,5.514003392703577866e+00,8.819163211472993424e+00,1.168722536918944321e+01,1.371536279292501170e+01,1.455553243419190856e+01,1.399303567703172391e+01,1.198193662114901947e+01,8.643624327717978062e+00,4.240603410715038990e+00,-8.668154174819721058e-01,-6.268186110759073948e+00,-1.153984063414922012e+01,-1.626963332406601737e+01,-2.008029922894440844e+01,-2.265373022705838224e+01,-2.374566234150455912e+01,-2.318903099892654751e+01,-2.090392364224777211e+01,-1.692965065045804707e+01,-1.146690748411134209e+01,-4.897428616140937052e+00,2.243843996982837652e+00
-4.968152630417802307e+00,-7.297474675324626681e+00,-7.993941703738645543e+00,-7.449960781516704600e+00,-5.814287146033349174e+00,-3.278895663381659276e+00,-8.672566837584172461e-02,3.460875615376639569e+00,6.994259295932756970e+00,1.010894431715398767e+01,1.244554292964326514e+01,1.376131473573197894e+01,1.394266342117585467e+01,1.296412974393702910e+01,1.084225065723078352e+01,7.625774139266391138e+00,3.424967290138344556e+00,-1.548907514096122595e+00,-6.965626215585012382e+00,-1.239372100459789294e+01,-1.734962197730943245e+01,-2.136047996836187224e+01,-2.401575025575022693e+01,-2.499418576483239818e+01,-2.408280793060897551e+01,-2.121656967811109240e+01,-1.653392688768592222e+01,-1.040026812007187829e+01,-3.359985211239054692e+00,3.963426509613268145e+00
-2.557198298342783893e+00,-1.047818635010411281e+00,9.651554259122024915e-02,-3.178033092685585148e-02,-1.546002115623954953e+00,-3.703169734674542024e+00,-5.231239628211350023e+00,-4.918701398088408006e+00,-2.214944370111456173e+00,2.418366434622178485e+00,7.561424288724841070e+00,1.129160937021526401e+01,1.188263979444507434e+01,8.497148454494537262e+00,1.617423129451775354e+00,-6.959278556848143005e+00,-1.459335787676569751e+01,-1.861803299167688763e+01,-1.724627934070783652e+01,-1.026962558433071315e+01,7.036760320155706072e-01,1.259007727203672644e+01,2.168976026858953787e+01,2.482860877508845121e+01,2.043788701668017538e+01,9.213562386192327480e+00,-5.903557779680394191e+00,-2.048705083954566319e+01,-2.993776729397748682e+01,-3.095690992309322098e+01
-4.101460995847013180e+00,-6.807516145461686818e+00,-7.993450041492341285e+00,-7.967329389179094612e+00,-6.782136491113290866e+00,-4.567003852830086252e+00,-1.549407710823805129e+00,1.963194608323659329e+00,5.602649544402580339e+00,8.969739507535740231e+00,1.168111791380292885e+01,1.341294070737880340e+01,1.392218803868003185e+01,1.305671078574031441e+01,1.077460970090328907e+01,7.170001290738346356e+00,2.482888307173158005e+00,-2.921232590390089534e+00,-8.597213273666534761e+00,-1.407600554471608945e+01,-1.891435598668650897e+01,-2.272784953174832268e+01,-2.520570894821605989e+01,-2.611549463501790314e+01,-2.531053345397102916e+01,-2.274818478523572196e+01,-1.851628401830688375e+01,-1.285622358828272382e+01,-6.167133994072709235e+00,1.022462993105073270e+00
-6.006026220916108826e+00,-8.518341332504711261e+00,-9.188058647928167844e+00,-8.456324845482800612e+00,-6.523157848831766081e+00,-3.644688444484481593e+00,-1.430393145850853420e-01,3.633585523794113481e+00,7.348939333177708200e+00,1.068171326856667491e+01,1.330780909044845117e+01,1.491381308732199074e+01,1.526549752081060340e+01,1.428446331069043573e+01,1.205926027325444494e+01,8.774494996111460665e+00,4.620749873587168821e+00,-2.362052075185607780e-01,-5.604898356986256047e+00,-1.118150010781702974e+01,-1.649929978742418513e+01,-2.096754066784616910e+01,-2.400106490695674211e+01,-2.518077652665612831e+01,-2.435631129252272586e+01,-2.164060222696115332e+01,-1.732549974990623909e+01,-1.179308364205989967e+01,-5.468342025972748210e+00,1.199357379117252931e+00
-3.941710344584934411e+00,-1.857514048876304669e+00,-3.272484958369724639e-01,7.373495634968114665e-01,1.313062929295703007e+00,1.373929435291989298e+00,9.603750528572183587e-01,1.906811069604170683e-01,-7.836114034455590183e-01,-1.826100245912304132e+00,-2.822547771411427764e+00,-3.659338142557474693e+00,-4.219634712228472750e+00,-4.412610659063535223e+00,-4.200450914737492880e+00,-3.585835141699833972e+00,-2.574453986076419731e+00,-1.166538752852856353e+00,5.964164059155527831e-01,2.570138612919847798e+00,4.500041382317047756e+00,6.095125181826599459e+00,7.141646395085487597e+00,7.578029808756616248e+00,7.475360724598587581e+00,6.936592352683331519e+00,5.993647991757366178e+00,4.586877707220689437e+00,2.643973073858406408e+00,1.949773452368728233e-01
-1.196908963531389397e-02,-1.650803515092688967e+00,-3.662651345009148685e+00,-5.801893599294824178e+00,-7.770624720456952517e+00,-9.277649219157428462e+00,-1.010872774565650545e+01,-1.015818249678481422e+01,-9.409205386095964130e+00,-7.891412223697249040e+00,-5.656510606218645876e+00,-2.790643660814945193e+00,5.543107608717015022e-01,4.144806598472301928e+00,7.681274806146780598e+00,1.083195666175976157e+01,1.326492094921492004e+01,1.467812852772113530e+01,1.484380841225718939e+01,1.366873852328475891e+01,1.123627063892654476e+01,7.785921740308452854e+00,3.632509538877926936e+00,-9.118731213019705129e-01,-5.550641206075278333e+00,-9.960447004863720366e+00,-1.376521274923079297e+01,-1.657686230321093390e+01,-1.808076566070661073e+01,-1.810370472343521797e+01
-4.878694016318497972e+00,-3.197080723778149114e+00,-1.731856892932227332e+00,-1.491763140982777847e+00,-2.661063543458336067e+00,-4.538733025964228673e+00,-5.880893090763423814e+00,-5.491704082738800174e+00,-2.806897194347464985e+00,1.767253607030451645e+00,6.888884337111273126e+00,1.068580960155591697e+01,1.141171159571856641e+01,8.143171765980444121e+00,1.261966383060149521e+00,-7.488331448261212664e+00,-1.544022668385852803e+01,-1.982522667761804058e+01,-1.873007319000197768e+01,-1.186389096031216894e+01,-8.395917137624052673e-01,1.118426213106405420e+01,2.042801701722141772e+01,2.369497224496829801e+01,1.946091042274099081e+01,8.486517357238041015e+00,-6.265416921273034845e+00,-2.041888355903423147e+01,-2.947503101543972903e+01,-3.023014595190250375e+01
-5.699081818368979313e+00,-8.223237869924181709e+00,-8.999840603619988499e+00,-8.431005956267128454e+00,-6.717964504463722619e+00,-4.126971005609906484e+00,-9.531525295360990802e-01,2.522157358180905362e+00,6.028334466071435749e+00,9.276507422704851180e+00,1.195073579210237114e+01,1.373940227034687744e+01,1.438812131124402960e+01,1.374474697420402869e+01,1.178237007679227588e+01,8.601026078175406653e+00,4.411857344043635720e+00,-4.925282110940141234e-01,-5.773055263374476276e+00,-1.107126793832155975e+01,-1.601945401902726118e+01,-2.023918996538214898e+01,-2.334731499193707194e+01,-2.498671512732247990e+01,-2.488132319435505124e+01,-2.289649579583953098e+01,-1.908180099641055705e+01,-1.368183787858810163e+01,-7.114340990050889602e+00,7.302872117194869617e-02
-7.185313563721251739e+00,-9.488557758422917487e+00,-1.010727395564558506e+01,-9.472349227803976035e+00,-7.695021423165941954e+00,-4.909414471483615650e+00,-1.349850289372016343e+00,2.634914420981599115e+00,6.622177782752671327e+00,1.018513180503648563e+01,1.295562585932010080e+01,1.466015922577942021e+01,1.512917886647166554e+01,1.428549183837134251e+01,1.212320072833870199e+01,8.700863950095818922e+00,4.167559503385669828e+00,-1.194460269735369229e+00,-6.957138433325680715e+00,-1.259571120464814875e+01,-1.758366966407989551e+01,-2.148611081958744862e+01,-2.401026301933154272e+01,-2.499917380821418078e+01,-2.438424813209297071e+01,-2.213674534141456718e+01,-1.826332989921039029e+01,-1.286221564610617563e+01,-6.207054264313886627e+00,1.205533116017506901e+00
-4.928943372409835710e+00,-7.414697288069556080e+00,-8.307510985298883099e+00,-7.915351207532212108e+00,-6.362984967982224127e+00,-3.894557175875566823e+00,-8.327318683733374582e-01,2.506327813261624460e+00,5.851953605674411030e+00,8.951551594671228074e+00,1.151902528229968503e+01,1.321832962187560234e+01,1.371118847584152789e+01,1.275237133717052807e+01,1.028350022813800457e+01,6.472563609096832593e+00,1.676322776783473634e+00,-3.650368609380962859e+00,-9.047607234547868416e+00,-1.410744419082156575e+01,-1.848694848489782316e+01,-2.189073528222204956e+01,-2.404656940568799683e+01,-2.470190068047129017e+01,-2.365890650333841450e+01,-2.083824617812297575e+01,-1.633764876593917847e+01,-1.045209901142857056e+01,-3.644816934674886433e+00,3.518542022315978457e+00
1.873762950288439200e+00,7.926831778946952234e-02,-2.140791680478113079e+00,-4.421193905918028300e+00,-6.462749729930799880e+00,-8.039850121144398898e+00,-8.979041007948325159e+00,-9.148740708467332894e+00,-8.473510120132445422e+00,-6.952675340370224610e+00,-4.661708757299977357e+00,-1.741691309360904771e+00,1.602743683027450627e+00,5.095236489509382238e+00,8.394120222702380119e+00,1.113576013466636461e+01,1.300698683192141125e+01,1.381342948359908895e+01,1.350965462409878270e+01,1.217578512650549172e+01,9.953469375186353219e+00,6.980352302497355055e+00,3.367967710138441539e+00,-7.591425840201189157e-01,-5.191265331325737975e+00,-9.586253113250434055e+00,-1.349301429852042844e+01,-1.644564008125228582e+01,-1.808183001750617436e+01,-1.822343829411612859e+01
-4.862804874392471888e+00,-7.327999667377009807e+00,-8.074264188163670752e+00,-7.587961848770053308e+00,-6.030335551316821530e+00,-3.525371265472424298e+00,-2.319388833796874883e-01,3.588441470990700211e+00,7.541165184666448695e+00,1.113620953418877413e+01,1.387760210000665140e+01,1.536126689396962774e+01,1.535001923879635122e+01,1.381299894447878707e+01,1.091693236788647070e+01,6.960927370408599657e+00,2.280236364443644526e+00,-2.820173784217966606e+00,-8.058223427253075499e+00,-1.311875343884288192e+01,-1.762431531713219712e+01,-2.117837714675148675e+01,-2.344799051880511698e+01,-2.421398671017359305e+01,-2.335889287153484162e+01,-2.083568705630659679e+01,-1.668181999393021897e+01,-1.108755315527078089e+01,-4.455111601279686084e+00,2.624233182291208166e+00
-5.982521404527877534e-02,-1.480292066901151005e+00,-3.248514138009358732e+00,-5.209521418531270598e+00,-7.177173767856133146e+00,-8.908203679801031782e+00,-1.010739560634779899e+01,-1.047973771861021497e+01,-9.814949972044352933e+00,-8.060760304622174743e+00,-5.342201462515627775e+00,-1.918161536230934772e+00,1.891725227214815952e+00,5.760238877786148848e+00,9.361671373477653546e+00,1.236139758193558080e+01,1.443475171362866050e+01,1.533278331985201781e+01,1.495385409908306329e+01,1.336058221140586433e+01,1.072820944528817400e+01,7.271649669108718683e+00,3.206988672438556343e+00,-1.240674441210291024e+00,-5.811216851468244293e+00,-1.019617017139802151e+01,-1.404992759117001633e+01,-1.702053034087985850e+01,-1.878791860490225929e+01,-1.910229173259447322e+01
6.165429973555104359e-01,-1.055174635563965069e+00,-3.263627013565356449e+00,-5.566802055582519060e+00,-7.548513214483315359e+00,-8.917565291856313081e+00,-9.539237309817668375e+00,-9.387555943283704352e+00,-8.463351942653170923e+00,-6.754285462434005183e+00,-4.274152630270690700e+00,-1.137944677412060734e+00,2.406279809784392931e+00,6.018961067750771221e+00,9.342640551992868581e+00,1.205262205212550164e+01,1.387636348754639570e+01,1.461276865587642604e+01,1.416894201052229008e+01,1.259019032421720929e+01,1.004377995730956030e+01,6.749509866627070309e+00,2.902407344774529108e+00,-1.346212312803099165e+00,-5.825381857158399512e+00,-1.025440723966169010e+01,-1.422111091685932216e+01,-1.727045689727994215e+01,-1.904497255362318242e+01,-1.937384494827781012e+01
-5.604545599044212345e+00,-8.094358381659116475e+00,-8.952567511385890242e+00,-8.542482787367490005e+00,-6.937951808266643816e+00,-4.284068249914557924e+00,-8.575515074252124670e-01,2.946834642373046709e+00,6.662452283057977098e+00,9.818685716296176480e+00,1.203169916454415400e+01,1.308703850771435562e+01,1.295505200376877397e+01,1.171952238923830336e+01,9.478452235582269125e+00,6.301906662743530063e+00,2.273209678769659625e+00,-2.437614160117123507e+00,-7.539221962427777868e+00,-1.265067239866015925e+01,-1.736961472343392288e+01,-2.132323284763100801e+01,-2.417205344743823048e+01,-2.558747812814142364e+01,-2.525848390509335317e+01,-2.296620305629717862e+01,-1.870332887579667158e+01,-1.275885114748080085e+01,-5.693796985220310525e+00,1.791409054907973752e+00
-4.829077326101232970e+00,-7.035409945726387448e+00,-7.655542958467955295e+00,-7.104890984772659124e+00,-5.547672826171807792e+00,-3.173066564886263929e+00,-1.934106631408671895e-01,3.159666002170760546e+00,6.613252555015875167e+00,9.831224333995777442e+00,1.242763059160082051e+01,1.402523970462836722e+01,1.433646203826869225e+01,1.323056667156538957e+01,1.075849667088088246e+01,7.123512903948207686e+00,2.611376277056315143e+00,-2.477656187931686738e+00,-7.849322656349889016e+00,-1.318217546324391520e+01,-1.808544801756091758e+01,-2.210298871793297693e+01,-2.477819231598870431e+01,-2.574579778930884544e+01,-2.480252757898383820e+01,-2.193439072889971797e+01,-1.731208726538814346e+01,-1.127407880170120258e+01,-4.298460945274543477e+00,3.048989677888410021e+00
-5.263665128953000760e+00,-7.810134408990434984e+00,-8.730507280604770770e+00,-8.386627795725793533e+00,-6.929402390582914961e+00,-4.563174434469818408e+00,-1.523062858192457458e+00,1.937886054649271106e+00,5.521633391509173094e+00,8.861931056453409283e+00,1.155324988675303999e+01,1.323135595409397780e+01,1.365610619106488777e+01,1.274414910680110502e+01,1.054328711208555802e+01,7.187490145665261565e+00,2.876536214782295708e+00,-2.112508804547443830e+00,-7.411967116924495613e+00,-1.258242905038036596e+01,-1.717036843598221907e+01,-2.077740338125363451e+01,-2.310330221699285502e+01,-2.394733992740669493e+01,-2.318667275672896011e+01,-2.076425779038256181e+01,-1.670700863729531704e+01,-1.117271207192305660e+01,-4.499693503824087948e+00,2.785677462107886804e+00
-6.348338851609446110e+00,-9.278768747585658616e+00,-1.029449427688403418e+01,-9.749350610973142039e+00,-7.839035066107828520e+00,-4.887711266217151795e+00,-1.305296129804796923e+00,2.499540933007179611e+00,6.169219951743065700e+00,9.391012927909752506e+00,1.187457577819715482e+01,1.335881174902203483e+01,1.364854969350555081e+01,1.264705172055840343e+01,1.036537628202712824e+01,6.921801726568261870e+00,2.543708155071865207e+00,-2.442393846676201630e+00,-7.651084698652399929e+00,-1.269652204576877352e+01,-1.723401255119332021e+01,-2.096447663139226592e+01,-2.361525267625543378e+01,-2.492786518657049299e+01,-2.467547041580655076e+01,-2.271246800259068621e+01,-1.903820226352261002e+01,-1.384408592529097959e+01,-7.516835169550246221e+00,-5.901525887892384858e-01
-5.922294476399892815e+00,-8.169330719883765468e+00,-8.687776185667509310e+00,-7.979296397118636364e+00,-6.241734250512202209e+00,-3.654555064863295843e+00,-4.171990171969295336e-01,3.219924879813005791e+00,6.935046351535936182e+00,1.035348940879504198e+01,1.310189140957455578e+01,1.486319728242090044e+01,1.540762998000440120e+01,1.460591546948819186e+01,1.243972195732125741e+01,9.008839283302503276e+00,4.524617035145015009e+00,-7.121348126333076900e-01,-6.336895658983779711e+00,-1.193844471590247558e+01,-1.707022453487371294e+01,-2.127368790048463509e+01,-2.412478377185066591e+01,-2.529214608633834160e+01,-2.458543968348168107e+01,-2.198529930281981137e+01,-1.765665903968399419e+01,-1.193822622550867329e+01,-5.298133158948209243e+00,1.729805829379759352e+00
6.970678920963118141e-01,-1.400621781705893687e+00,-3.823139435463201785e+00,-6.272254825592822769e+00,-8.445160979807646129e+00,-1.006259357645142849e+01,-1.090157095376507534e+01,-1.082034731882912837e+01,-9.771232834285303426e+00,-7.808600347656036611e+00,-5.090982575438633972e+00,-1.858074718811382642e+00,1.625980685796287517e+00,5.132110111224237770e+00,8.481416753961077859e+00,1.150564179666224796e+01,1.399388067470823671e+01,1.567757659508145274e+01,1.627305824898810016e+01,1.556010627512570288e+01,1.345578864952583764e+01,1.005151427950663745e+01,5.606673764786560099e+00,5.130002950396983508e-01,-4.754688015866728179e+00,-9.695600368624404553e+00,-1.384560324020007904e+01,-1.683616114830138244e+01,-1.843395995094260442e+01,-1.854898028525771281e+01
